user_id,username,full_name,email,birthdate,location,bio,profile_pic,followers_count,is_verified
1,bburnhard0,Brett Burnhard,bburnhard0@delicious.com,1/11/1993,New York,"Pellentesque at nulla. Suspendisse potenti. Cras in purus eu magna vulputate luctus.

Cum sociis natoque penatibus et magnis dis parturient montes, nascetur ridiculus mus. Vivamus vestibulum sagittis sapien. Cum sociis natoque penatibus et magnis dis parturient montes, nascetur ridiculus mus.",https://robohash.org/omnissuscipitpraesentium.png?size=50x50&set=set1,630329,true
2,cbernat1,Carlynn Bernat,cbernat1@wikispaces.com,11/11/1972,Los Angeles,"Donec diam neque, vestibulum eget, vulputate ut, ultrices vel, augue. Vestibulum ante ipsum primis in faucibus orci luctus et ultrices posuere cubilia Curae; Donec pharetra, magna vestibulum aliquet ultrices, erat tortor sollicitudin mi, sit amet lobortis sapien sapien non mi. Integer ac neque.

Duis bibendum. Morbi non quam nec dui luctus rutrum. Nulla tellus.",https://robohash.org/corruptianiminon.png?size=50x50&set=set1,58744,true
3,grudolph2,Gareth Rudolph,grudolph2@weebly.com,5/30/1963,Chicago,"Fusce posuere felis sed lacus. Morbi sem mauris, laoreet ut, rhoncus aliquet, pulvinar sed, nisl. Nunc rhoncus dui vel sem.

Sed sagittis. Nam congue, risus semper porta volutpat, quam pede lobortis ligula, sit amet eleifend pede libero quis orci. Nullam molestie nibh in lectus.",https://robohash.org/ipsaeteligendi.png?size=50x50&set=set1,142676,false
4,acannavan3,Abagail Cannavan,acannavan3@paypal.com,7/4/1974,Chicago,"Proin eu mi. Nulla ac enim. In tempor, turpis nec euismod scelerisque, quam turpis adipiscing lorem, vitae mattis nibh ligula nec sem.",https://robohash.org/veniamvelittempora.png?size=50x50&set=set1,608135,false
5,rdradey4,Rosalind Dradey,rdradey4@hubpages.com,10/16/1976,Miami,"Curabitur gravida nisi at nibh. In hac habitasse platea dictumst. Aliquam augue quam, sollicitudin vitae, consectetuer eget, rutrum at, lorem.",https://robohash.org/similiqueearumdebitis.png?size=50x50&set=set1,19307,true
6,hboggs5,Hunt Boggs,hboggs5@typepad.com,7/30/1955,Los Angeles,"In hac habitasse platea dictumst. Morbi vestibulum, velit id pretium iaculis, diam erat fermentum justo, nec condimentum neque sapien placerat ante. Nulla justo.",https://robohash.org/idpossimusquia.png?size=50x50&set=set1,992251,true
7,pwiltshier6,Pete Wiltshier,pwiltshier6@cam.ac.uk,2/19/1979,Chicago,"Curabitur in libero ut massa volutpat convallis. Morbi odio odio, elementum eu, interdum eu, tincidunt in, leo. Maecenas pulvinar lobortis est.

Phasellus sit amet erat. Nulla tempus. Vivamus in felis eu sapien cursus vestibulum.",https://robohash.org/temporequisfuga.png?size=50x50&set=set1,981134,false
8,jmckennan7,Jean McKennan,jmckennan7@paypal.com,12/16/1951,Miami,Duis aliquam convallis nunc. Proin at turpis a pede posuere nonummy. Integer non velit.,https://robohash.org/expeditaquiest.png?size=50x50&set=set1,33947,false
9,mpretty8,Mead Pretty,mpretty8@desdev.cn,1/9/1966,Los Angeles,"Phasellus sit amet erat. Nulla tempus. Vivamus in felis eu sapien cursus vestibulum.

Proin eu mi. Nulla ac enim. In tempor, turpis nec euismod scelerisque, quam turpis adipiscing lorem, vitae mattis nibh ligula nec sem.

Duis aliquam convallis nunc. Proin at turpis a pede posuere nonummy. Integer non velit.",https://robohash.org/autemconsequaturveritatis.png?size=50x50&set=set1,331766,true
10,wmaylour9,Worth Maylour,wmaylour9@hhs.gov,11/7/1954,Los Angeles,Maecenas ut massa quis augue luctus tincidunt. Nulla mollis molestie lorem. Quisque ut erat.,https://robohash.org/voluptasseddoloremque.png?size=50x50&set=set1,420480,false
